{
    "1": 15.143112701252237,
    "2": 6.529516994633274,
    "3": 7.78175313059034,
    "4": 6.726296958855098,
    "5": 8.264758497316636,
    "6": 5.375670840787119,
    "7": 0.48300536672629696,
    "8": 0.9302325581395349,
    "9": 8.9087656529517,
    "10": 8.1216457960644,
    "11": 10.661896243291592,
    "12": 21.073345259391772
}